,treat,value,type
0,Control,637.5967540082105, Revenues (1000s)
1,Treatment,570.0222017034564, Revenues (1000s)
0, ,-67.57455230475409,Difference (T-C)
