,treat,value,value_se,type,ymin,ymax
0,Control,0.7778548117084059,0.012772589052793284,Conversion rate,0.752820537164931,0.8028890862518807
1,Treatment,0.7506140425171509,0.012559503736058535,Conversion rate,0.7259974151944761,0.7752306698398257
0, ,-0.027240769191255038,0.017913128292054492,Difference (T-C),-0.06235050064368184,0.007868962261171765
