,treat,value,type
0,Control,1056.7918882570825, Revenues (1000s)
1,Treatment,1073.849996830387, Revenues (1000s)
0, ,17.05810857330448,Difference (T-C)
