,treat,value,value_se,type,ymin,ymax
0,Control,0.8817860399265947,0.01296634725504511,Conversion rate,0.8563719993067063,0.907200080546483
1,Treatment,0.8832177214467185,0.012907305445842432,Conversion rate,0.8579194027728674,0.9085160401205696
0, ,0.001431681520123844,0.018295482912748972,Difference (T-C),-0.03442746498886414,0.03729082802911183
