,treat,value,value_se,type,ymin,ymax
0,Control,0.5580206336163608,0.014235524099442568,Conversion rate,0.5301190063814534,0.5859222608512682
1,Treatment,0.530980620312034,0.013945688444324608,Conversion rate,0.5036470709611578,0.5583141696629101
0, ,-0.027040013304326874,0.01992818036279226,Difference (T-C),-0.0660992468153997,0.012019220206745961
