,treat,value,value_se,type,ymin,ymax
0,Control,0.6002261511292128,0.01040616035399789,Conversion rate,0.579830076835377,0.6206222254230487
1,Treatment,0.6300162409030959,0.010664483093833698,Conversion rate,0.6091138540391818,0.65091862776701
0, ,0.029790089773883057,0.014900314525934755,Difference (T-C),0.0005854733030509381,0.05899470624471517
