,treat,value,type
0,Control,1270.2936805438292, Revenues (1000s)
1,Treatment,1361.107427035134, Revenues (1000s)
0, ,90.81374649130476,Difference (T-C)
