,treat,value,type
0,Control,695.0564690283247, Revenues (1000s)
1,Treatment,734.6405057724829, Revenues (1000s)
0, ,39.5840367441582,Difference (T-C)
