,treat,value,type
0,Control,1420.1168468087556, Revenues (1000s)
1,Treatment,1353.9572081322544, Revenues (1000s)
0, ,-66.15963867650112,Difference (T-C)
