,treat,value,value_se,type,ymin,ymax
0,Control,0.4537707934715557,0.0065525107028984895,Conversion rate,0.44092787249387466,0.4666137144492367
1,Treatment,0.4686069889715188,0.006699909175979951,Conversion rate,0.4554751669865981,0.4817388109564395
0, ,0.014836195499963109,0.00937145556879931,Difference (T-C),-0.00353185741488354,0.03320424841480976
