,treat,value,type
0,Control,774.8252933278785, Revenues (1000s)
1,Treatment,599.2550144026427, Revenues (1000s)
0, ,-175.5702789252358,Difference (T-C)
