,treat,value,value_se,type,ymin,ymax
0,Control,0.49387686444720813,0.011641147506778186,Conversion rate,0.4710602153339229,0.5166935135604934
1,Treatment,0.4283921551207161,0.010882440623283085,Conversion rate,0.40706257149908126,0.44972173874235094
0, ,-0.06548470932649202,0.015935615118151225,Difference (T-C),-0.09671851495806842,-0.03425090369491561
