,treat,value,type
0,Control,1739.2537303401493, Revenues (1000s)
1,Treatment,1844.8735342049356, Revenues (1000s)
0, ,105.61980386478626,Difference (T-C)
