,treat,value,value_se,type,ymin,ymax
0,Control,0.4592032344637691,0.009978613270188784,Conversion rate,0.4396451524541991,0.4787613164733391
1,Treatment,0.528744408572015,0.010773360211253098,Conversion rate,0.5076286225579589,0.549860194586071
0, ,0.06954117410824584,0.014684618246226187,Difference (T-C),0.040759322345642515,0.09832302587084917
